Cost,Odds
1.0,24.445329777379147
2.0,26.444750375921608
3.0,24.84506555393694
5.0,35.49769007817896
10.0,31.91090912998908
20.0,30.425569851074822
30.0,39.06297443596988
